Time of Scraping,Price,Price Change Since Last,24h Low,24h High,24h Avg Price,Market Cap,24h Trading Volume,Circulating Supply,1h Price Change %,24h Price Change %,7d Price Change %,hour,dayofweek,day,month
2025-04-06 11:52:55,82899.69,29.180000000007567,82394.91,83853.69,83124.3,1645343307306.0,12914961324.0,19847400.0,0.2,0.7,0.2,11,6,6,4
2025-04-06 11:53:52,82899.69,0.0,82394.91,83853.69,83124.3,1645343307306.0,12254446769.0,19847400.0,0.2,0.7,0.2,11,6,6,4
2025-04-06 12:18:37,82927.66,27.970000000001164,82394.91,83853.69,83124.3,1645826512106.0,14058946583.0,19847400.0,0.1,0.9,0.5,12,6,6,4
2025-04-06 12:37:55,83021.42,93.75999999999476,82394.91,83853.69,83124.3,1647759311461.0,13422289687.0,19847400.0,0.2,0.8,0.4,12,6,6,4
2025-04-06 12:51:34,83064.85,43.43000000000757,82394.91,83853.69,83124.3,1648621383280.0,13133061058.0,19847400.0,0.2,0.8,0.3,12,6,6,4
2025-04-06 13:19:45,82885.09,-179.7600000000093,82394.91,83721.56,83058.235,1645053515419.0,12300086440.0,19847400.0,0.2,1.2,0.7,13,6,6,4
2025-04-06 13:41:10,82747.5,-137.5899999999965,82394.91,83668.03,83031.47,1642322791042.0,13220269815.0,19847400.0,0.4,1.0,0.8,13,6,6,4
2025-04-06 13:51:49,82791.53,44.029999999998836,82394.91,83668.03,83031.47,1643196592675.0,13812545382.0,19847400.0,0.3,0.9,0.8,13,6,6,4
2025-04-06 14:15:14,82770.14,-21.389999999999418,82394.91,83668.03,83031.47,1642772017094.0,13895417568.0,19847400.0,0.1,1.0,0.4,14,6,6,4
2025-04-06 14:26:47,82681.77,-88.36999999999534,82394.91,83668.03,83031.47,1641018241288.0,13190116284.0,19847400.0,0.1,1.2,0.5,14,6,6,4
2025-04-06 14:38:36,82649.57,-32.19999999999709,82394.91,83668.03,83031.47,1640379055771.0,13858420037.0,19847400.0,0.1,1.0,0.6,14,6,6,4
2025-04-06 14:51:15,82703.5,53.929999999993015,82394.91,83668.03,83031.47,1641449525290.0,11988864493.0,19847400.0,0.1,0.9,0.5,14,6,6,4
2025-04-06 15:35:15,82768.75,65.25,82394.91,83668.03,83031.47,1642744429208.0,13882340830.0,19847400.0,0.1,0.7,0.4,15,6,6,4
2025-04-06 16:04:05,82655.15,-113.60000000000582,82394.91,83668.03,83031.47,1640222757496.0,12430042890.0,19847400.0,0.3,0.8,0.5,16,6,6,4
2025-04-06 16:32:12,82501.5,-153.64999999999418,82394.91,83668.03,83031.47,1637440350490.0,13231159541.0,19847400.0,0.3,0.3,0.7,16,6,6,4
2025-04-06 16:51:30,82325.2,-176.3000000000029,82394.91,83668.03,83031.47,1633941214175.0,13545691060.0,19847400.0,0.5,0.1,0.9,16,6,6,4
2025-04-06 17:16:53,82594.05,268.8500000000058,82218.88,83668.03,82943.455,1639282784213.0,12712820855.0,19847468.0,0.0,0.2,0.1,17,6,6,4
2025-04-06 17:38:55,82424.88,-169.16999999999825,82218.88,83668.03,82943.455,1635925168204.0,13849122152.0,19847468.0,0.1,0.6,0.4,17,6,6,4
2025-04-06 17:51:41,82618.9,194.01999999998952,82218.88,83668.03,82943.455,1639775894555.0,14023362567.0,19847468.0,0.5,0.3,0.1,17,6,6,4
2025-04-06 18:18:01,82497.88,-121.01999999998952,82218.88,83668.03,82943.455,1637377148440.0,14250886201.0,19847506.0,0.1,0.2,0.3,18,6,6,4
2025-04-06 18:37:42,82480.47,-17.410000000003492,82218.88,83668.03,82943.455,1637031662903.0,13640088756.0,19847506.0,0.0,0.1,0.4,18,6,6,4
2025-04-06 18:51:18,82656.24,175.77000000000407,82218.88,83668.03,82943.455,1640520278880.0,12574058670.0,19847506.0,0.0,0.2,0.2,18,6,6,4
2025-04-06 19:21:31,82364.26,-291.9800000000105,82218.88,83668.03,82943.455,1634726033669.0,14106565561.0,19847518.0,0.2,0.3,0.4,19,6,6,4
2025-04-06 19:43:00,82301.33,-62.929999999993015,82218.88,83668.03,82943.455,1633477088904.0,12520688978.0,19847518.0,0.4,0.6,0.5,19,6,6,4
2025-04-06 19:54:04,82059.23,-242.10000000000582,82098.54,83668.03,82883.285,1628672044491.0,14241805996.0,19847518.0,0.6,0.7,0.8,19,6,6,4
2025-04-06 20:15:47,81695.46,-363.7699999999895,81853.71,83668.03,82760.87,1621453890321.0,15183194621.0,19847540.0,0.9,1.3,0.7,20,6,6,4
2025-04-06 20:38:58,81404.07,-291.3899999999994,81353.99,83668.03,82511.01000000001,1615670555335.0,14446926186.0,19847540.0,1.1,1.8,1.1,20,6,6,4
2025-04-06 20:51:16,81181.41,-222.6600000000035,81182.07,83668.03,82425.05,1611251262384.0,16841546892.0,19847540.0,1.2,2.1,1.3,20,6,6,4
2025-04-06 21:24:38,79895.47,-1285.9400000000023,79902.16,83668.03,81785.095,1585729515742.0,18319782633.0,19847553.0,2.4,3.6,3.3,21,6,6,4
2025-04-06 21:43:41,79490.2,-405.2700000000041,79434.84,83668.03,81551.435,1577685957481.0,19882177475.0,19847553.0,2.1,4.2,3.7,21,6,6,4
2025-04-06 21:54:26,78788.92,-701.2799999999988,78882.09,83668.03,81275.06,1563769215388.0,20814364098.0,19847578.0,2.2,5.2,4.6,21,6,6,4
2025-04-06 22:14:20,79159.06,370.1399999999994,78882.09,83668.03,81275.06,1571115677299.0,22329524852.0,19847578.0,1.3,4.7,4.3,22,6,6,4
2025-04-06 22:25:33,79555.23,396.16999999999825,78882.09,83668.03,81275.06,1578978672428.0,22912014282.0,19847578.0,0.7,4.4,3.9,22,6,6,4
2025-04-06 22:38:45,79668.26,113.02999999999884,78882.09,83668.03,81275.06,1581222083865.0,23583816847.0,19847578.0,0.3,3.9,3.7,22,6,6,4
2025-04-06 22:51:24,79148.07,-520.1899999999878,78882.09,83668.03,81275.06,1570897413484.0,24012742619.0,19847578.0,0.3,4.4,4.4,22,6,6,4
2025-04-06 23:19:56,79348.04,199.9699999999866,78882.09,83668.03,81275.06,1574868238094.0,24625983143.0,19847600.0,0.5,4.3,3.8,23,6,6,4
2025-04-06 23:38:47,78657.95,-690.0899999999965,78882.09,83668.03,81275.06,1561171508572.0,25158435616.0,19847600.0,0.8,5.2,4.3,23,6,6,4
2025-04-06 23:52:21,78913.16,255.2100000000064,78882.09,83668.03,81275.06,1566236834416.0,24892525588.0,19847600.0,0.4,5.0,4.5,23,6,6,4
2025-04-07 00:16:53,79220.84,307.679999999993,78652.3,83668.03,81160.16500000001,1572344296667.0,27294102256.0,19847609.0,0.2,4.5,4.0,0,0,7,4
2025-04-07 00:38:03,79108.37,-112.47000000000116,78652.3,83668.03,81160.16500000001,1570112055930.0,28914739037.0,19847609.0,0.1,4.9,4.2,0,0,7,4
2025-04-07 00:51:22,79148.51,40.13999999999942,78652.3,83668.03,81160.16500000001,1570908719108.0,29025380546.0,19847609.0,0.4,4.5,4.1,0,0,7,4
2025-04-07 01:17:21,78876.82,-271.6899999999878,78652.3,83668.03,81160.16500000001,1565518767400.0,31027443506.0,19847640.0,0.5,5.0,3.9,1,0,7,4
2025-04-07 01:51:26,78264.47,-612.3500000000058,78341.87,83668.03,81004.95,1553365005503.0,32772755049.0,19847640.0,1.2,6.1,4.8,1,0,7,4
2025-04-07 02:17:29,77650.31,-614.1600000000035,77482.78,83668.03,80575.405,1541177786080.0,34814611163.0,19847671.0,1.6,6.7,5.7,2,0,7,4
2025-04-07 02:37:15,77635.39,-14.919999999998254,77176.75,83668.03,80422.39,1540881698524.0,36628623369.0,19847671.0,1.3,6.6,5.7,2,0,7,4
2025-04-07 02:51:19,78472.64,837.25,77176.75,83668.03,80422.39,1557499081678.0,35048047347.0,19847671.0,0.7,6.2,4.7,2,0,7,4
2025-04-07 04:39:24,78814.52,341.88000000000466,77176.75,83511.66,80344.205,1564289115715.0,41001437957.0,19847728.0,0.9,5.7,3.5,4,0,7,4
2025-04-07 05:57:50,78544.63,-269.8899999999994,77176.75,83491.62,80334.185,1558934140387.0,42727783600.0,19847750.0,0.8,5.7,4.0,5,0,7,4
2025-04-07 06:38:00,77914.94,-629.6900000000023,77176.75,83491.62,80334.185,1546436230537.0,45475007730.0,19847750.0,1.0,6.6,5.2,6,0,7,4
2025-04-07 06:54:51,77381.2,-533.7400000000052,77176.75,83491.62,80334.185,1535842632909.0,43724036870.0,19847750.0,1.3,7.2,5.6,6,0,7,4
2025-04-07 07:24:03,77397.17,15.970000000001164,77176.75,83491.62,80334.185,1536159680868.0,45988735792.0,19847750.0,0.9,7.1,5.0,7,0,7,4
2025-04-07 07:43:59,76737.22,-659.9499999999971,76791.17,83491.62,80141.39499999999,1523063957837.0,46549896290.0,19847787.0,1.1,8.0,5.9,7,0,7,4
2025-04-07 07:55:08,76697.13,-40.08999999999651,76693.2,83491.62,80092.41,1522268260056.0,44242336286.0,19847787.0,0.9,7.9,5.8,7,0,7,4
2025-04-07 08:20:21,76959.71,262.58000000000175,76693.2,83491.62,80092.41,1527479971357.0,47258211445.0,19847787.0,0.4,7.8,6.0,8,0,7,4
2025-04-07 08:41:58,76933.46,-26.25,76693.2,83446.55,80069.875,1526959006644.0,47377110851.0,19847787.0,0.2,7.7,6.1,8,0,7,4
2025-04-07 08:52:50,76824.27,-109.19000000000233,76693.2,83446.55,80069.875,1524791707695.0,49757670540.0,19847787.0,0.1,8.0,6.3,8,0,7,4
2025-04-07 09:28:56,75833.36,-990.9100000000035,76021.46,83374.11,79697.785,1505124277535.0,51649516588.0,19847787.0,1.8,9.2,7.7,9,0,7,4
2025-04-07 09:50:48,75131.54,-701.820000000007,74974.51,83167.14,79070.825,1491194822750.0,52069083432.0,19847787.0,2.1,9.6,8.4,9,0,7,4
2025-04-07 10:21:07,75073.01,-58.529999999998836,74604.47,83125.92,78865.195,1490033072233.0,55501523479.0,19847787.0,1.4,9.7,8.4,10,0,7,4
2025-04-07 10:51:28,75169.51,96.5,74604.47,83105.18,78854.825,1491948502766.0,59219404649.0,19847787.0,0.1,9.5,8.3,10,0,7,4
2025-04-07 11:27:21,76360.79,1191.2799999999988,74604.47,83105.18,78854.825,1515592754615.0,63465043769.0,19847787.0,2.0,7.6,6.6,11,0,7,4
2025-04-07 11:48:38,76609.0,248.2100000000064,74604.47,83105.18,78854.825,1520519015044.0,61182471067.0,19847787.0,2.0,7.5,6.4,11,0,7,4
2025-04-07 12:22:10,75854.62,-754.3800000000047,74604.47,83105.18,78854.825,1505546400269.0,65817712457.0,19847787.0,0.8,8.7,7.4,12,0,7,4
2025-04-07 12:41:45,76461.03,606.4100000000035,74604.47,83080.05,78842.26000000001,1517582177697.0,60699106637.0,19847787.0,0.3,7.9,6.6,12,0,7,4
2025-04-07 12:52:54,76654.92,193.88999999999942,74604.47,83027.18,78815.825,1521430584205.0,67314323152.0,19847787.0,0.4,7.7,6.4,12,0,7,4
2025-04-07 13:22:26,77341.3,686.3800000000047,74604.47,82942.55,78773.51000000001,1535053708246.0,65497369847.0,19847787.0,2.3,6.3,4.8,13,0,7,4
2025-04-07 13:44:58,77149.2,-192.10000000000582,74604.47,82942.55,78773.51000000001,1531247638254.0,67780766338.0,19847875.0,0.6,6.7,5.4,13,0,7,4
2025-04-07 13:56:15,76996.35,-152.84999999999127,74604.47,82942.55,78773.51000000001,1528214009648.0,70110808796.0,19847875.0,0.8,7.2,5.6,13,0,7,4
2025-04-07 14:18:06,77076.13,79.77999999999884,74604.47,82942.55,78773.51000000001,1529797433420.0,68864769574.0,19847875.0,0.7,6.9,6.2,14,0,7,4
2025-04-07 14:37:32,76739.78,-336.3500000000058,74604.47,82942.55,78773.51000000001,1523121620511.0,71160799148.0,19847875.0,0.9,7.2,6.7,14,0,7,4
2025-04-07 14:51:42,76544.98,-194.8000000000029,74604.47,82942.55,78773.51000000001,1519255155222.0,71113866244.0,19847875.0,0.8,7.6,6.9,14,0,7,4
2025-04-07 15:40:07,77199.46,654.4800000000105,74604.47,82769.38,78686.925,1532245271843.0,73348709753.0,19847875.0,0.8,6.6,6.1,15,0,7,4
2025-04-07 16:16:57,77126.61,-72.85000000000582,74604.47,82703.84,78654.155,1530799393845.0,69694705395.0,19847875.0,0.5,6.6,6.8,16,0,7,4
2025-04-07 16:45:13,76096.52,-1030.0899999999965,74604.47,82703.84,78654.155,1510354296287.0,80157845986.0,19847875.0,1.2,7.9,8.2,16,0,7,4
2025-04-07 16:56:26,77656.51,1559.9899999999907,74604.47,82703.84,78654.155,1541323053137.0,82706876723.0,19847956.0,0.5,5.4,6.0,16,0,7,4
2025-04-07 17:21:56,80592.0,2935.4900000000052,74604.47,82703.84,78654.155,1599586390560.0,84597597740.0,19847956.0,4.9,3.1,2.1,17,0,7,4
2025-04-07 17:43:58,78326.64,-2265.3600000000006,74604.47,82703.84,78654.155,1554623605108.0,85908148312.0,19847956.0,3.3,5.0,5.1,17,0,7,4
2025-04-07 17:54:55,79165.42,838.7799999999988,74604.47,82703.84,78654.155,1571273415281.0,91539757052.0,19847978.0,2.0,4.0,3.9,17,0,7,4
2025-04-07 18:20:58,78096.69,-1068.729999999996,74604.47,82669.72,78637.095,1550061325449.0,98308857307.0,19847978.0,3.4,5.3,6.5,18,0,7,4
2025-04-07 18:41:32,78606.93,510.2399999999907,74604.47,82669.72,78637.095,1560188597440.0,96151883275.0,19847978.0,0.7,4.7,5.8,18,0,7,4
2025-04-07 18:53:02,78788.93,182.0,74604.47,82580.82,78592.645,1563802268244.0,95026416969.0,19847996.0,0.9,4.8,5.7,18,0,7,4
2025-04-07 19:23:58,77878.28,-910.6499999999942,74604.47,82342.17,78473.32,1545727750231.0,98078839025.0,19847996.0,0.2,5.7,6.6,19,0,7,4
2025-04-07 19:46:39,77817.22,-61.05999999999767,74604.47,82169.76,78387.11499999999,1544515891139.0,102452456957.0,19847996.0,1.5,5.3,6.8,19,0,7,4
2025-04-07 20:17:23,78179.42,362.1999999999971,74604.47,81785.19,78194.83,1551706380243.0,99650520803.0,19848015.0,0.0,4.3,6.1,20,0,7,4
2025-04-07 20:51:31,78990.09,810.6699999999983,74604.47,80818.2,77711.33499999999,1567796530867.0,94492462712.0,19848015.0,1.7,2.5,5.1,20,0,7,4
2025-04-07 21:27:27,78984.38,-5.709999999991851,74604.47,80818.2,77711.33499999999,1567683988546.0,101134921766.0,19848025.0,0.7,0.9,4.4,21,0,7,4
2025-04-07 21:47:35,78871.85,-112.52999999999884,74604.47,80818.2,77711.33499999999,1565450430748.0,103070496203.0,19848025.0,0.1,0.1,4.6,21,0,7,4
2025-04-07 22:15:57,78346.97,-524.8800000000047,74604.47,80818.2,77711.33499999999,1555033244965.0,95505259563.0,19848034.0,0.7,1.3,6.0,22,0,7,4
2025-04-07 22:37:51,78707.51,360.5399999999936,74604.47,80818.2,77711.33499999999,1562189294839.0,101102307544.0,19848034.0,0.1,1.1,5.5,22,0,7,4
2025-04-07 22:51:40,78206.19,-501.31999999999243,74604.47,80818.2,77711.33499999999,1552239078434.0,95094155977.0,19848034.0,0.3,1.1,6.1,22,0,7,4
2025-04-07 23:22:16,78510.31,304.11999999999534,74604.47,80818.2,77711.33499999999,1558276969913.0,101449150452.0,19848056.0,0.2,1.1,4.6,23,0,7,4
2025-04-07 23:41:12,78865.18,354.86999999999534,74604.47,80818.2,77711.33499999999,1565320548786.0,87828634596.0,19848056.0,0.3,0.6,4.3,23,0,7,4
2025-04-07 23:52:00,78969.01,103.83000000000175,74604.47,80818.2,77711.33499999999,1567381273200.0,99623694107.0,19848056.0,0.9,0.2,4.1,23,0,7,4
2025-04-08 00:19:04,79088.52,119.51000000000931,74604.47,80818.2,77711.33499999999,1569754362675.0,100384871695.0,19848068.0,0.8,0.2,3.9,0,1,8,4
2025-04-08 00:40:18,78843.25,-245.27000000000407,74604.47,80818.2,77711.33499999999,1564886207189.0,98698015440.0,19848068.0,0.0,0.3,4.3,0,1,8,4
2025-04-08 00:51:51,79221.13,377.88000000000466,74604.47,80818.2,77711.33499999999,1572386335581.0,99930441713.0,19848068.0,0.3,0.4,3.8,0,1,8,4
2025-04-08 01:18:58,79624.78,403.6499999999942,74604.47,80818.2,77711.33499999999,1580401073667.0,93582797505.0,19848106.0,0.6,1.2,3.5,1,1,8,4
2025-04-08 01:41:36,79777.94,153.1600000000035,74604.47,80818.2,77711.33499999999,1583538602719.0,90395792978.0,19848106.0,0.9,1.9,3.3,1,1,8,4
2025-04-08 01:52:35,79912.37,134.42999999999302,74604.47,80818.2,77711.33499999999,1586111707451.0,86553617991.0,19848137.0,0.6,2.8,3.2,1,1,8,4
2025-04-08 02:18:58,79681.04,-231.33000000000175,74604.47,80818.2,77711.33499999999,1581520257767.0,90951459991.0,19848137.0,0.0,3.1,3.3,2,1,8,4
2025-04-08 02:39:33,79577.34,-103.69999999999709,74604.47,80818.2,77711.33499999999,1579461886871.0,89933030265.0,19848137.0,0.3,1.9,3.5,2,1,8,4
2025-04-08 02:51:51,79243.38,-333.95999999999185,74604.47,80818.2,77711.33499999999,1572833482431.0,81987841546.0,19848137.0,0.8,1.1,3.8,2,1,8,4
2025-04-08 04:37:04,79860.64,617.2599999999948,74604.47,80818.2,77711.33499999999,1584525721716.0,80714887463.0,19848181.0,1.0,1.5,3.3,4,1,8,4
2025-04-08 05:51:38,80109.91,249.27000000000407,74604.47,80818.2,77711.33499999999,1590037775840.0,91241449355.0,19848203.0,0.3,1.9,3.1,5,1,8,4
2025-04-08 06:32:54,80122.1,12.190000000002328,74604.47,80818.2,77711.33499999999,1590281408728.0,90153073025.0,19848225.0,0.3,2.9,3.6,6,1,8,4
2025-04-08 06:54:59,79807.93,-314.1700000000128,74604.47,80818.2,77711.33499999999,1584045771272.0,89782087166.0,19848225.0,0.2,3.1,4.0,6,1,8,4
2025-04-08 07:23:27,80048.34,240.4100000000035,74604.47,80818.2,77711.33499999999,1588817403652.0,84847935317.0,19848225.0,0.2,3.6,3.5,7,1,8,4
2025-04-08 07:44:31,80280.54,232.1999999999971,74604.47,80818.2,77711.33499999999,1593426121800.0,87733983604.0,19848225.0,0.6,4.7,3.2,7,1,8,4
2025-04-08 07:55:28,80216.91,-63.629999999990105,74604.47,80818.2,77711.33499999999,1592163298333.0,81967433484.0,19848225.0,0.6,4.5,3.2,7,1,8,4
2025-04-08 08:19:29,79768.11,-448.8000000000029,74604.47,80818.2,77711.33499999999,1583255454649.0,77322344385.0,19848225.0,0.4,3.1,4.0,8,1,8,4
2025-04-08 08:41:05,79766.95,-1.1600000000034925,74604.47,80818.2,77711.33499999999,1582469623725.0,81958084463.0,19848225.0,0.7,3.6,4.0,8,1,8,4
2025-04-08 08:51:59,79688.37,-78.58000000000175,74604.47,80818.2,77711.33499999999,1581672697643.0,80364801950.0,19848225.0,0.7,3.9,4.0,8,1,8,4
2025-04-08 09:29:06,79357.98,-330.3899999999994,74604.47,80818.2,77711.33499999999,1575501758555.0,74161125846.0,19848262.0,0.3,4.8,4.3,9,1,8,4
2025-04-08 09:50:24,79425.77,67.79000000000815,74604.47,80818.2,77711.33499999999,1576660514211.0,80918362376.0,19848262.0,0.3,5.7,4.3,9,1,8,4
2025-04-08 10:19:31,79467.02,41.25,74850.72,80818.2,77834.45999999999,1577044960493.0,76760881737.0,19848278.0,0.1,5.7,4.8,10,1,8,4
2025-04-08 10:38:56,79438.98,-28.04000000000815,74959.58,80818.2,77888.89,1576897465166.0,75845097095.0,19848278.0,0.1,5.7,4.8,10,1,8,4
2025-04-08 10:51:23,79425.4,-13.580000000001746,74959.58,80818.2,77888.89,1577476629464.0,75459592299.0,19848278.0,0.1,5.9,4.8,10,1,8,4
2025-04-08 11:27:34,79057.03,-368.36999999999534,75822.1,80818.2,78320.15,1569852042390.0,73375091557.0,19848303.0,0.6,3.7,5.3,11,1,8,4
2025-04-08 11:48:27,79112.76,55.729999999995925,75822.1,80818.2,78320.15,1570318533766.0,72391735091.0,19848303.0,0.4,3.4,5.2,11,1,8,4
2025-04-08 12:22:19,79036.36,-76.39999999999418,75822.1,80818.2,78320.15,1568847767250.0,71455797166.0,19848328.0,0.1,4.2,6.2,12,1,8,4
2025-04-08 12:41:38,78964.85,-71.50999999999476,75822.1,80818.2,78320.15,1566174971037.0,71152766489.0,19848328.0,0.2,3.1,6.3,12,1,8,4
2025-04-08 12:52:35,79068.16,103.30999999999767,75822.1,80818.2,78320.15,1569038667123.0,70946151573.0,19848328.0,0.0,3.6,6.2,12,1,8,4
2025-04-08 13:21:41,78922.15,-146.0100000000093,75822.1,80818.2,78320.15,1566510582158.0,69658457450.0,19848353.0,0.2,2.1,6.5,13,1,8,4
2025-04-08 13:44:53,79086.0,163.85000000000582,75822.1,80818.2,78320.15,1569175932400.0,68919023997.0,19848353.0,0.0,2.3,6.3,13,1,8,4
2025-04-08 13:55:46,78999.11,-86.88999999999942,75822.1,80818.2,78320.15,1568271491230.0,68635336265.0,19848384.0,0.0,2.8,6.4,13,1,8,4
2025-04-08 14:17:10,79122.26,123.14999999999418,75822.1,80818.2,78320.15,1570015107684.0,68185318725.0,19848384.0,0.2,2.7,6.0,14,1,8,4
2025-04-08 14:38:27,79506.61,384.3500000000058,75822.1,80818.2,78320.15,1577834192080.0,68234587603.0,19848384.0,0.5,3.8,5.6,14,1,8,4
2025-04-08 14:51:11,79611.93,105.31999999999243,75822.1,80818.2,78320.15,1579780388999.0,65220017747.0,19848384.0,0.7,4.1,5.4,14,1,8,4
2025-04-08 15:40:35,79724.2,112.27000000000407,75822.1,80818.2,78320.15,1583824555642.0,67309256318.0,19848412.0,0.2,3.5,5.0,15,1,8,4
2025-04-08 16:17:29,79935.87,211.66999999999825,75822.1,80818.2,78320.15,1586711941344.0,65968769163.0,19848425.0,0.1,3.7,4.4,16,1,8,4
2025-04-08 16:44:56,79781.23,-154.63999999999942,75822.1,80818.2,78320.15,1584140426669.0,66048030614.0,19848425.0,0.1,5.2,4.6,16,1,8,4
2025-04-08 16:55:55,79803.81,22.580000000001746,77421.75,80818.2,79119.975,1582852329413.0,65547117624.0,19848440.0,0.1,2.6,4.5,16,1,8,4
2025-04-08 17:20:44,79979.55,175.74000000000524,77421.75,80818.2,79119.975,1586342261080.0,60303227308.0,19848440.0,0.0,1.6,4.4,17,1,8,4
2025-04-08 17:44:46,79360.28,-619.2700000000041,77421.75,80801.79,79111.76999999999,1576910800373.0,50985871964.0,19848440.0,0.6,0.7,5.1,17,1,8,4
2025-04-08 17:55:12,79035.73,-324.5500000000029,77421.75,80801.79,79111.76999999999,1570238573575.0,50853087973.0,19848456.0,0.9,0.5,5.4,17,1,8,4
2025-04-08 18:21:56,78344.66,-691.0699999999924,77421.75,80801.79,79111.76999999999,1554253518587.0,47391074605.0,19848456.0,2.1,0.0,7.1,18,1,8,4
2025-04-08 18:42:39,78517.03,172.36999999999534,77421.75,80801.79,79111.76999999999,1557937556202.0,49741159762.0,19848456.0,1.0,0.5,6.9,18,1,8,4
2025-04-08 18:54:03,78393.6,-123.42999999999302,77421.75,80801.79,79111.76999999999,1557039010660.0,47281432163.0,19848456.0,0.7,0.1,7.0,18,1,8,4
2025-04-08 19:25:37,78012.38,-381.22000000000116,77421.75,80801.79,79111.76999999999,1549116608977.0,46643237172.0,19848456.0,0.4,0.0,8.5,19,1,8,4
2025-04-08 19:48:15,77587.86,-424.5200000000041,77421.75,80801.79,79111.76999999999,1539145408612.0,46458783151.0,19848456.0,1.1,0.2,9.1,19,1,8,4
2025-04-08 20:17:46,77112.98,-474.88000000000466,77093.26,80801.79,78947.525,1530189385679.0,48251202070.0,19848487.0,1.3,1.6,9.4,20,1,8,4
2025-04-08 20:40:36,76830.84,-282.1399999999994,76693.33,80801.79,78747.56,1523384916182.0,48389712342.0,19848487.0,1.1,2.4,9.7,20,1,8,4
2025-04-08 20:51:40,77083.55,252.7100000000064,76693.33,80801.79,78747.56,1530899921514.0,48303859807.0,19848487.0,0.7,2.4,9.4,20,1,8,4
2025-04-08 21:27:07,77427.51,343.95999999999185,76693.33,80801.79,78747.56,1535584398037.0,47761838655.0,19848515.0,0.6,1.5,9.2,21,1,8,4
2025-04-08 21:48:47,77466.18,38.669999999998254,76693.33,80801.79,78747.56,1538132324883.0,47840887964.0,19848515.0,0.6,1.5,9.1,21,1,8,4
2025-04-08 22:16:44,76946.62,-519.5599999999977,76693.33,80801.79,78747.56,1529346633206.0,47772209628.0,19848515.0,0.3,1.6,9.6,22,1,8,4
2025-04-08 22:38:15,76583.06,-363.5599999999977,76691.23,80801.79,78746.51,1521413650741.0,48265488228.0,19848515.0,1.1,2.5,10.0,22,1,8,4
2025-04-08 22:51:21,76479.71,-103.34999999999127,76524.82,80801.79,78663.305,1518669705550.0,46070523595.0,19848515.0,1.2,2.3,10.2,22,1,8,4
2025-04-08 23:21:48,76829.86,350.1499999999942,76515.71,80801.79,78658.75,1524969912213.0,48454047314.0,19848515.0,0.1,2.2,9.5,23,1,8,4
2025-04-08 23:41:28,76820.33,-9.529999999998836,76515.71,80801.79,78658.75,1522523567035.0,48895980387.0,19848515.0,0.4,2.5,9.5,23,1,8,4
2025-04-08 23:52:07,76959.37,139.0399999999936,76515.71,80801.79,78658.75,1527564624146.0,48574374340.0,19848515.0,0.3,2.5,9.4,23,1,8,4
2025-04-09 00:18:55,76982.46,23.09000000001106,76515.71,80801.79,78658.75,1527127641448.0,48494253083.0,19848556.0,0.2,2.8,9.7,0,2,9,4
2025-04-09 00:39:09,76887.4,-95.06000000001222,76515.71,80801.79,78658.75,1525119729974.0,48319640494.0,19848556.0,0.1,2.5,9.8,0,2,9,4
2025-04-09 00:51:37,76988.74,101.34000000001106,76515.71,80801.79,78658.75,1527723290699.0,48138314293.0,19848556.0,0.0,2.9,9.7,0,2,9,4
2025-04-09 01:18:25,76767.61,-221.13000000000466,76515.71,80801.79,78658.75,1523113141971.0,47847120780.0,19848556.0,0.3,3.6,9.9,1,2,9,4
2025-04-09 01:52:35,76460.43,-307.18000000000757,76444.6,80801.79,78623.195,1517606391408.0,48149864042.0,19848556.0,0.7,4.6,10.3,1,2,9,4
2025-04-09 02:18:32,76527.29,66.86000000000058,76444.6,80801.79,78623.195,1519047556856.0,48147719881.0,19848556.0,0.3,4.1,10.0,2,2,9,4
2025-04-09 02:38:17,76393.64,-133.64999999999418,76375.49,80801.79,78588.64,1515713615416.0,47974845731.0,19848556.0,0.1,3.8,10.2,2,2,9,4
2025-04-09 02:51:09,76387.86,-5.779999999998836,76371.25,80801.79,78586.51999999999,1515885513867.0,47848603402.0,19848556.0,0.1,3.7,10.2,2,2,9,4
2025-04-09 04:37:21,75156.29,-1231.570000000007,74772.55,80801.79,77787.17,1487931816028.0,50293572254.0,19848659.0,1.8,6.7,11.6,4,2,9,4
2025-04-09 05:54:06,75774.92,618.6300000000047,74772.55,80323.15,77547.85,1503816214522.0,49178318075.0,19848665.0,0.2,5.2,11.0,5,2,9,4
2025-04-09 06:33:48,75537.17,-237.75,74772.55,80323.15,77547.85,1499681241871.0,49461237366.0,19848690.0,0.6,5.6,10.9,6,2,9,4
2025-04-09 06:55:02,75256.94,-280.2299999999959,74772.55,80323.15,77547.85,1495413395505.0,49997192371.0,19848690.0,0.7,5.6,11.2,6,2,9,4
2025-04-09 07:23:53,75703.55,446.6100000000006,74772.55,80323.15,77547.85,1502103006676.0,47463786240.0,19848690.0,0.0,5.5,10.6,7,2,9,4
2025-04-09 07:45:26,76308.28,604.7299999999959,74772.55,80323.15,77547.85,1512347918708.0,49214216213.0,19848690.0,1.2,5.1,9.9,7,2,9,4
2025-04-09 07:56:13,76426.95,118.66999999999825,74772.55,80272.26,77522.405,1517318607543.0,54041975834.0,19848690.0,1.6,4.7,9.7,7,2,9,4
2025-04-09 08:20:50,76415.41,-11.539999999993597,74772.55,80109.1,77440.82500000001,1516884852798.0,52108004352.0,19848690.0,1.0,4.0,9.7,8,2,9,4
2025-04-09 08:41:38,76505.8,90.38999999999942,74772.55,80109.1,77440.82500000001,1519324193856.0,52447274436.0,19848690.0,0.4,4.0,9.5,8,2,9,4
2025-04-09 08:52:27,76503.29,-2.5100000000093132,74772.55,80109.1,77440.82500000001,1517440395997.0,54562934802.0,19848690.0,0.1,4.1,9.5,8,2,9,4
2025-04-09 09:29:11,76927.79,424.5,74772.55,80109.1,77440.82500000001,1527435159648.0,53003055200.0,19848690.0,0.5,3.1,8.5,9,2,9,4
2025-04-09 09:50:17,77024.57,96.78000000001339,74772.55,80109.1,77440.82500000001,1528325174415.0,55392840807.0,19848690.0,0.7,3.0,8.4,9,2,9,4
2025-04-09 10:19:39,77462.27,437.6999999999971,74772.55,80109.1,77440.82500000001,1534417197601.0,50844774624.0,19848690.0,0.6,2.5,7.9,10,2,9,4
2025-04-09 10:39:21,77761.2,298.929999999993,74772.55,80109.1,77440.82500000001,1542162446898.0,57569032491.0,19848690.0,1.1,2.1,7.6,10,2,9,4
2025-04-09 10:51:25,77738.57,-22.629999999990105,74772.55,80109.1,77440.82500000001,1543231689457.0,57936659218.0,19848690.0,1.0,2.1,7.6,10,2,9,4
2025-04-09 11:28:12,77483.33,-255.24000000000524,74772.55,80109.1,77440.82500000001,1536776778052.0,55554786124.0,19848690.0,0.1,1.9,8.2,11,2,9,4
2025-04-09 11:50:49,77178.82,-304.50999999999476,74772.55,80109.1,77440.82500000001,1531969733477.0,57925788284.0,19848690.0,0.7,2.4,8.6,11,2,9,4
2025-04-09 12:21:39,77266.11,87.2899999999936,74772.55,80109.1,77440.82500000001,1534589282965.0,57973164239.0,19848690.0,0.2,2.2,8.7,12,2,9,4
2025-04-09 12:42:25,77177.4,-88.7100000000064,74772.55,80109.1,77440.82500000001,1531876441696.0,57989731001.0,19848771.0,0.0,2.4,8.9,12,2,9,4
2025-04-09 12:53:48,77380.25,202.85000000000582,74772.55,80109.1,77440.82500000001,1535278375054.0,57953018549.0,19848771.0,0.2,2.1,8.6,12,2,9,4
2025-04-09 13:23:44,77353.0,-27.25,74772.55,80109.1,77440.82500000001,1536345161136.0,55705641338.0,19848771.0,0.1,2.1,9.0,13,2,9,4
2025-04-09 14:16:58,76526.15,-826.8500000000058,74772.55,80109.1,77440.82500000001,1516863313618.0,60117306534.0,19848771.0,1.1,3.4,9.8,14,2,9,4
2025-04-09 14:37:31,76235.56,-290.5899999999965,74772.55,80109.1,77440.82500000001,1514748739319.0,60844386333.0,19848771.0,1.1,4.2,10.1,14,2,9,4
2025-04-09 14:51:30,76133.28,-102.27999999999884,74772.55,80109.1,77440.82500000001,1509216686565.0,60989330989.0,19848771.0,1.3,4.5,10.3,14,2,9,4
2025-04-09 15:40:28,76153.48,20.19999999999709,74772.55,80109.1,77440.82500000001,1512687788589.0,61689898263.0,19848771.0,0.1,4.4,10.0,15,2,9,4
2025-04-09 16:48:56,77204.42,1050.9400000000023,74772.55,79968.91,77370.73000000001,1535741979110.0,60427830800.0,19848856.0,0.9,3.2,9.1,16,2,9,4
2025-04-09 17:20:35,77480.16,275.74000000000524,74772.55,79968.91,77370.73000000001,1538313125832.0,55494445458.0,19848878.0,0.7,3.1,9.3,17,2,9,4
2025-04-09 17:45:47,77484.04,3.8799999999901047,74772.55,79322.28,77047.41500000001,1538266766087.0,60854254682.0,19848878.0,0.2,2.3,9.3,17,2,9,4
2025-04-09 18:24:37,77361.57,-122.46999999998661,74772.55,78523.72,76648.13500000001,1536423303969.0,62715317389.0,19848903.0,0.2,1.3,10.0,18,2,9,4
2025-04-09 18:54:42,77290.54,-71.03000000001339,74772.55,78431.68,76602.11499999999,1534005051532.0,63352367969.0,19848903.0,0.2,1.4,10.2,18,2,9,4
2025-04-09 19:26:09,77578.41,287.8700000000099,74772.55,78081.82,76427.185,1540403782273.0,62858698252.0,19848921.0,0.3,0.5,10.4,19,2,9,4
2025-04-09 20:18:00,78276.06,697.6499999999942,74772.55,78300.86,76536.705,1551906602549.0,62289598556.0,19848921.0,0.8,1.7,10.1,20,2,9,4
2025-04-09 21:28:09,82640.69,4364.630000000005,74772.55,82665.31,78718.93,1635756667845.0,71690799015.0,19848946.0,3.6,6.6,4.6,21,2,9,4
2025-04-09 21:48:13,82270.77,-369.91999999999825,74772.55,82665.31,78718.93,1637177421876.0,75137566337.0,19848946.0,1.2,6.3,5.0,21,2,9,4
2025-04-09 22:16:43,82061.23,-209.54000000000815,74772.55,82665.31,78718.93,1627866517737.0,75755002155.0,19848959.0,0.2,6.6,4.9,22,2,9,4
2025-04-09 22:37:45,82422.35,361.1200000000099,74772.55,82665.31,78718.93,1636595723161.0,75881517866.0,19848959.0,0.1,7.7,4.5,22,2,9,4
2025-04-09 22:51:27,82283.03,-139.32000000000698,74772.55,82665.31,78718.93,1632556154408.0,76139380352.0,19848959.0,0.0,7.5,4.7,22,2,9,4
2025-04-09 23:20:44,82188.52,-94.50999999999476,74772.55,82665.31,78718.93,1631369513422.0,77048605723.0,19848984.0,0.0,7.0,4.9,23,2,9,4
2025-04-09 23:54:33,82736.24,547.7200000000012,74772.55,82665.31,78718.93,1639402171367.0,82639450787.0,19848984.0,0.5,7.5,4.3,23,2,9,4
2025-04-10 00:16:09,83296.87,560.6299999999901,74772.55,83148.23,78960.39,1652191428906.0,84171558898.0,19849000.0,1.3,8.3,2.8,0,3,10,4
2025-04-10 00:37:22,83182.55,-114.31999999999243,74772.55,83425.41,79098.98000000001,1651658671300.0,85437584087.0,19849000.0,1.0,8.2,2.9,0,3,10,4
2025-04-10 00:51:33,83103.15,-79.40000000000873,74772.55,83425.41,79098.98000000001,1649492335262.0,85814562344.0,19849000.0,0.4,7.9,3.0,0,3,10,4
2025-04-10 01:18:33,83334.53,231.38000000000466,74772.55,83425.41,79098.98000000001,1653615320543.0,86842487098.0,19849015.0,0.1,8.6,1.5,1,3,10,4
2025-04-10 01:51:36,83075.58,-258.9499999999971,74772.55,83425.41,79098.98000000001,1648858938436.0,87528793491.0,19849015.0,0.0,8.5,1.8,1,3,10,4
2025-04-10 02:18:14,83012.55,-63.029999999998836,74772.55,83425.41,79098.98000000001,1648704232144.0,87514419704.0,19849046.0,0.4,8.6,0.4,2,3,10,4
2025-04-10 02:38:17,82813.67,-198.88000000000466,74772.55,83425.41,79098.98000000001,1643561537716.0,87216022023.0,19849046.0,0.5,8.4,0.2,2,3,10,4
2025-04-10 02:51:37,82696.85,-116.81999999999243,74772.55,83425.41,79098.98000000001,1641910319704.0,87360159032.0,19849046.0,0.5,8.3,0.0,2,3,10,4
2025-04-10 04:36:51,82344.91,-351.9400000000023,75101.4,83425.41,79263.405,1635517599599.0,84982135073.0,19849056.0,0.1,9.6,0.8,4,3,10,4
2025-04-10 05:52:59,82285.02,-59.88999999999942,75101.4,83425.41,79263.405,1634006830895.0,82542180249.0,19849056.0,0.1,8.6,1.8,5,3,10,4
2025-04-10 06:33:55,81588.64,-696.3800000000047,75101.4,83425.41,79263.405,1623872297267.0,80047301655.0,19849056.0,0.9,8.0,2.6,6,3,10,4
2025-04-10 06:55:15,81673.61,84.97000000000116,75101.4,83425.41,79263.405,1621135817402.0,82313553579.0,19849056.0,0.7,8.5,2.5,6,3,10,4
2025-04-10 07:23:39,81726.16,52.55000000000291,75627.5,83425.41,79526.455,1621941623225.0,79710506828.0,19849125.0,0.1,8.0,2.1,7,3,10,4
2025-04-10 07:45:33,81736.9,10.739999999990687,75961.8,83425.41,79693.60500000001,1622406006563.0,80928176693.0,19849125.0,0.1,7.0,2.1,7,3,10,4
2025-04-10 08:19:27,82014.47,277.570000000007,75961.8,83425.41,79693.60500000001,1627735878782.0,79892810330.0,19849143.0,0.4,7.3,1.9,8,3,10,4
2025-04-10 08:52:18,82110.37,95.89999999999418,75961.8,83425.41,79693.60500000001,1630176357160.0,79479942348.0,19849171.0,0.4,7.4,1.7,8,3,10,4
2025-04-10 09:29:04,82182.77,72.40000000000873,75961.8,83425.41,79693.60500000001,1631334383652.0,78791478850.0,19849171.0,0.1,6.9,1.5,9,3,10,4
2025-04-10 09:49:34,81948.61,-234.1600000000035,75961.8,83425.41,79693.60500000001,1626689655433.0,78890333669.0,19849171.0,0.2,6.4,1.8,9,3,10,4
2025-04-10 10:19:57,82097.55,148.94000000000233,75961.8,83425.41,79693.60500000001,1629110501963.0,77766302690.0,19849171.0,0.1,6.0,1.1,10,3,10,4
2025-04-10 10:39:50,81750.08,-347.47000000000116,75961.8,83425.41,79693.60500000001,1629097848934.0,76156662804.0,19849171.0,0.3,5.1,1.5,10,3,10,4
2025-04-10 10:51:17,81727.23,-22.85000000000582,75961.8,83425.41,79693.60500000001,1622113301866.0,77954337480.0,19849171.0,0.3,5.1,1.5,10,3,10,4
2025-04-10 11:26:34,81620.58,-106.64999999999418,75961.8,83425.41,79693.60500000001,1621248632173.0,72610571234.0,19849215.0,0.5,5.5,2.2,11,3,10,4
2025-04-10 11:47:14,81592.54,-28.04000000000815,75961.8,83425.41,79693.60500000001,88036861954.0,72690153853.0,19849215.0,0.2,5.7,2.3,11,3,10,4
2025-04-10 12:21:23,81576.08,-16.45999999999185,75961.8,83425.41,79693.60500000001,1619221238178.0,76056282552.0,19849215.0,0.1,5.6,2.5,12,3,10,4
2025-04-10 12:40:59,81865.22,289.1399999999994,75961.8,83425.41,79693.60500000001,1624960402133.0,73231616203.0,19849215.0,0.4,6.1,2.2,12,3,10,4
2025-04-10 12:51:55,81878.17,12.94999999999709,75961.8,83425.41,79693.60500000001,1625067932288.0,73227386496.0,19849215.0,0.3,5.8,2.2,12,3,10,4
2025-04-10 13:21:59,81958.68,80.50999999999476,75961.8,83425.41,79693.60500000001,1627661112994.0,73427992170.0,19849253.0,0.5,5.9,1.9,13,3,10,4
2025-04-10 13:55:46,81658.52,-300.15999999998894,75961.8,83425.41,79693.60500000001,1620643899567.0,73302795829.0,19849253.0,0.3,5.8,2.3,13,3,10,4
2025-04-10 14:16:49,81563.56,-94.9600000000064,75961.8,83425.41,79693.60500000001,1618859045704.0,71029882979.0,19849271.0,0.5,6.7,2.0,14,3,10,4
2025-04-10 14:37:33,81664.13,100.57000000000698,75961.8,83425.41,79693.60500000001,1620934103655.0,70624343674.0,19849271.0,0.2,7.4,1.9,14,3,10,4
2025-04-10 14:51:31,81816.56,152.42999999999302,76126.85,83425.41,79776.13,1623976969044.0,69727413047.0,19849271.0,0.2,7.5,1.7,14,3,10,4
2025-04-10 15:40:05,81897.14,80.58000000000175,76198.19,83425.41,79811.8,1626146523618.0,69808527664.0,19849284.0,0.2,7.5,1.4,15,3,10,4
2025-04-10 16:16:25,81573.13,-324.00999999999476,76828.26,83425.41,80126.83499999999,1618710456829.0,68928039854.0,19849303.0,0.1,6.1,0.5,16,3,10,4
2025-04-10 16:45:23,81110.88,-462.25,77023.89,83425.41,80224.65,1614500537316.0,68576099122.0,19849303.0,0.9,4.8,1.0,16,3,10,4
2025-04-10 16:56:27,81131.84,20.95999999999185,77023.89,83425.41,80224.65,1610989565092.0,64939673849.0,19849328.0,0.6,4.3,1.0,16,3,10,4
2025-04-10 17:21:25,81072.31,-59.529999999998836,77023.89,83425.41,80224.65,1608122009705.0,62646878446.0,19849328.0,0.7,4.6,1.1,17,3,10,4
2025-04-10 17:53:24,81481.17,408.8600000000006,77023.89,83425.41,80224.65,1618620949823.0,67566184182.0,19849328.0,0.4,5.6,0.6,17,3,10,4
2025-04-10 18:21:50,80619.97,-861.1999999999971,77086.23,83425.41,80255.82,1602250378761.0,66826282610.0,19849346.0,0.5,4.1,1.0,18,3,10,4
2025-04-10 18:41:29,79640.43,-979.5400000000081,77086.23,83425.41,80255.82,1584633616414.0,68043598523.0,19849346.0,2.3,3.2,2.2,18,3,10,4
2025-04-10 18:52:34,79019.46,-620.9699999999866,77141.99,83425.41,80283.70000000001,1571523043994.0,64969175198.0,19849346.0,3.0,2.3,3.0,18,3,10,4
2025-04-10 19:25:59,78688.26,-331.20000000001164,77565.07,83425.41,80495.24,1560741690032.0,70397906736.0,19849346.0,2.3,1.5,4.4,19,3,10,4
2025-04-10 19:48:09,79110.33,422.070000000007,77802.27,83425.41,80613.84,1570834779066.0,68265564972.0,19849346.0,0.1,1.7,3.9,19,3,10,4
2025-04-10 20:17:36,78826.83,-283.5,78430.59,83425.41,80928.0,1564764432842.0,70241640766.0,19849381.0,0.1,0.5,3.7,20,3,10,4
2025-04-10 20:51:41,79219.63,392.8000000000029,78669.3,83425.41,81047.35500000001,1572916454418.0,62546627324.0,19849381.0,0.1,2.5,3.2,20,3,10,4
2025-04-10 21:25:45,79514.68,295.04999999998836,78669.3,83425.41,81047.35500000001,1576412960139.0,57840102924.0,19849400.0,0.7,3.8,2.9,21,3,10,4
2025-04-10 21:45:32,79607.16,92.48000000001048,78669.3,83425.41,81047.35500000001,1579243606917.0,55513510917.0,19849400.0,0.5,3.2,2.8,21,3,10,4
2025-04-10 22:15:40,79504.2,-102.9600000000064,78669.3,83425.41,81047.35500000001,1578416759962.0,53485030004.0,19849400.0,0.2,3.1,3.1,22,3,10,4
2025-04-10 22:37:55,79508.88,4.680000000007567,78669.3,83425.41,81047.35500000001,1577524457409.0,52484521216.0,19849400.0,0.1,3.5,3.1,22,3,10,4
2025-04-10 22:51:40,79427.11,-81.77000000000407,78669.3,83425.41,81047.35500000001,1576529726583.0,52051505160.0,19849400.0,0.1,3.5,3.2,22,3,10,4
2025-04-10 23:21:09,79719.72,292.6100000000006,78669.3,83425.41,81047.35500000001,1583615538941.0,50435551801.0,19849425.0,0.2,3.0,2.8,23,3,10,4
2025-04-10 23:40:51,79700.71,-19.00999999999476,78669.3,83425.41,81047.35500000001,1581927298775.0,48936127684.0,19849425.0,0.2,3.4,2.8,23,3,10,4
2025-04-10 23:51:51,79842.26,141.54999999998836,78669.3,83425.41,81047.35500000001,1584781131372.0,48775975990.0,19849425.0,0.5,3.6,2.6,23,3,10,4
2025-04-11 00:18:25,79778.91,-63.34999999999127,78669.3,83425.41,81047.35500000001,1584048083706.0,47005364921.0,19849434.0,0.1,4.3,3.1,0,4,11,4
2025-04-11 00:38:12,79839.97,61.05999999999767,78669.3,83365.65,81017.475,1584185546645.0,44451947399.0,19849434.0,0.1,3.9,3.1,0,4,11,4
2025-04-11 00:51:37,79735.4,-104.57000000000698,78669.3,83365.65,81017.475,1582724479208.0,45638558957.0,19849434.0,0.1,4.1,3.2,0,4,11,4
2025-04-11 01:20:07,79748.98,13.580000000001746,78669.3,83365.65,81017.475,1581780946534.0,44282049984.0,19849459.0,0.0,4.3,3.6,1,4,11,4
2025-04-11 01:52:32,79790.29,41.30999999999767,78669.3,83072.71,80871.005,1584030677234.0,43237165220.0,19849459.0,0.1,4.0,3.6,1,4,11,4
2025-04-11 02:19:18,79506.09,-284.1999999999971,78669.3,82963.85,80816.57500000001,1579631219136.0,40991219637.0,19849465.0,0.3,4.2,3.8,2,4,11,4
2025-04-11 02:39:03,79537.26,31.169999999998254,78669.3,82778.83,80724.065,1578265919231.0,42822160975.0,19849465.0,0.3,3.9,3.8,2,4,11,4
2025-04-11 02:51:23,79612.1,74.84000000001106,78669.3,82701.41,80685.35500000001,1580235061616.0,41255412154.0,19849465.0,0.2,3.6,3.7,2,4,11,4
2025-04-11 04:37:35,79691.77,79.66999999999825,78669.3,82474.42,80571.86,1578421945657.0,42374069343.0,19849518.0,0.2,3.3,4.1,4,4,11,4
2025-04-11 05:54:14,80386.43,694.6599999999889,78669.3,82259.2,80464.25,1595804656262.0,41268174078.0,19849546.0,0.4,2.3,2.8,5,4,11,4
2025-04-11 06:33:45,80555.7,169.27000000000407,78669.3,82217.76,80443.53,1598994803510.0,42334817591.0,19849556.0,0.0,1.2,2.8,6,4,11,4
2025-04-11 06:55:32,80693.95,138.25,78669.3,82217.76,80443.53,1601397888917.0,42261245492.0,19849556.0,0.4,1.2,2.6,6,4,11,4
2025-04-11 07:24:39,80820.11,126.16000000000349,78669.3,82217.76,80443.53,1604494587039.0,42507235071.0,19849556.0,0.4,1.1,2.4,7,4,11,4
2025-04-11 07:44:36,80772.05,-48.05999999999767,78669.3,82217.76,80443.53,1604192691152.0,42366967911.0,19849556.0,0.2,1.2,2.4,7,4,11,4
2025-04-11 07:55:30,80765.38,-6.669999999998254,78669.3,82217.76,80443.53,1602741228371.0,42615333117.0,19849556.0,0.0,1.3,2.5,7,4,11,4
2025-04-11 08:20:31,80575.16,-190.22000000000116,78669.3,82217.76,80443.53,1600411400941.0,42515019621.0,19849556.0,0.3,1.8,2.6,8,4,11,4
2025-04-11 08:44:10,80651.78,76.61999999999534,78669.3,82217.76,80443.53,1601035478315.0,42495640242.0,19849556.0,0.1,1.8,2.5,8,4,11,4
2025-04-11 08:54:42,80645.87,-5.9100000000034925,78669.3,82217.76,80443.53,1600504449123.0,42452590339.0,19849556.0,0.2,1.8,2.5,8,4,11,4
2025-04-11 09:28:38,80969.72,323.8500000000058,78669.3,82152.67,80410.985,1608005874727.0,42732287698.0,19849556.0,0.4,1.4,2.6,9,4,11,4
2025-04-11 09:49:42,81133.49,163.77000000000407,78669.3,82152.67,80410.985,1608762273988.0,41011720374.0,19849556.0,0.6,1.0,2.4,9,4,11,4
2025-04-11 10:19:20,81011.69,-121.80000000000291,78669.3,82079.86,80374.58,1607973208971.0,40699406344.0,19849556.0,0.1,1.3,2.5,10,4,11,4
2025-04-11 10:38:13,80972.64,-39.05000000000291,78669.3,82001.13,80335.215,1606572633075.0,42452778064.0,19849556.0,0.1,0.9,2.5,10,4,11,4
2025-04-11 10:51:32,81332.16,359.5200000000041,78669.3,82001.13,80335.215,1614184708644.0,36722724377.0,19849556.0,0.3,0.5,2.1,10,4,11,4
2025-04-11 11:26:46,81263.09,-69.07000000000698,78669.3,82001.13,80335.215,1613060641331.0,41587172434.0,19849556.0,0.4,0.5,3.2,11,4,11,4
2025-04-11 11:47:03,81529.43,266.3399999999965,78669.3,82001.13,80335.215,1618156089423.0,43765180031.0,19849556.0,0.2,0.1,2.9,11,4,11,4
2025-04-11 12:21:17,81556.99,27.560000000012224,78669.3,82001.13,80335.215,1617774768801.0,43825601124.0,19849556.0,0.3,0.2,3.4,12,4,11,4
2025-04-11 12:40:51,82136.89,579.8999999999942,78669.3,82068.08,80368.69,1629792629518.0,38710470102.0,19849556.0,0.8,0.4,2.7,12,4,11,4
2025-04-11 12:51:40,82147.1,10.210000000006403,78669.3,82151.68,80410.48999999999,1630732184043.0,40580171137.0,19849556.0,0.8,0.3,2.6,12,4,11,4
2025-04-11 13:20:54,82458.39,311.2899999999936,78669.3,82343.91,80506.60500000001,1634535198848.0,44762439721.0,19849681.0,1.0,0.5,2.6,13,4,11,4
2025-04-11 13:54:22,82562.94,104.55000000000291,78669.3,82742.03,80705.66500000001,1638848013169.0,45369303238.0,19849681.0,0.3,1.1,2.4,13,4,11,4
2025-04-11 14:16:19,82679.97,117.02999999999884,78669.3,82744.71,80707.005,1642850413106.0,45563479346.0,19849681.0,0.5,1.4,0.2,14,4,11,4
2025-04-11 14:37:43,82320.03,-359.9400000000023,78669.3,82744.71,80707.005,1634603668159.0,46046040448.0,19849681.0,0.5,0.7,0.3,14,4,11,4
2025-04-11 14:51:29,82157.55,-162.47999999999593,78669.3,82744.71,80707.005,1631090991373.0,46281960010.0,19849681.0,0.5,0.5,0.5,14,4,11,4
2025-04-11 15:39:03,82254.35,96.80000000000291,78669.3,82744.71,80707.005,1632891057672.0,45567823888.0,19849681.0,0.1,0.4,0.5,15,4,11,4
2025-04-11 16:41:21,82693.49,439.1399999999994,78669.3,82744.71,80707.005,1635007111957.0,45380274201.0,19849759.0,0.4,1.8,0.3,16,4,11,4
2025-04-11 16:52:21,82936.02,242.52999999999884,78669.3,82999.65,80834.475,1648289379953.0,39121250012.0,19849759.0,1.0,2.2,0.2,16,4,11,4
2025-04-11 17:19:18,82462.46,-473.5599999999977,78669.3,82999.65,80834.475,1637518685491.0,44907203307.0,19849784.0,0.7,1.7,0.9,17,4,11,4
2025-04-11 17:42:50,81912.79,-549.6700000000128,78669.3,82999.65,80834.475,1624931283448.0,43063184786.0,19849784.0,1.1,0.4,1.6,17,4,11,4
2025-04-11 17:53:34,82057.0,144.2100000000064,78669.3,82999.65,80834.475,1629302928567.0,43675407621.0,19849784.0,1.0,0.7,1.4,17,4,11,4
2025-04-11 18:20:53,81913.8,-143.1999999999971,78669.3,82999.65,80834.475,1625899973915.0,44774394501.0,19849793.0,0.6,1.6,1.4,18,4,11,4
2025-04-11 18:41:01,82384.12,470.31999999999243,78669.3,82999.65,80834.475,1632720533437.0,44415757721.0,19849793.0,0.6,3.5,0.9,18,4,11,4
2025-04-11 18:52:14,82498.49,114.3700000000099,78669.3,82999.65,80834.475,1637749056751.0,39250048688.0,19849793.0,0.5,4.4,0.7,18,4,11,4
2025-04-11 19:25:35,82198.76,-299.7300000000105,78711.44,82999.65,80855.545,1632088080422.0,40715351565.0,19849815.0,0.3,4.4,0.8,19,4,11,4
2025-04-11 19:47:15,82692.41,493.65000000000873,78855.33,82999.65,80927.48999999999,1642054344698.0,40465583318.0,19849815.0,0.3,4.4,0.2,19,4,11,4
2025-04-11 20:17:29,82893.87,201.45999999999185,78889.87,82999.65,80944.76,1644929818362.0,37312334810.0,19849834.0,0.8,5.1,0.5,20,4,11,4
2025-04-11 20:40:57,83300.98,407.1100000000006,79086.09,82999.65,81042.87,1649771104624.0,38965555040.0,19849834.0,0.9,5.2,0.1,20,4,11,4
2025-04-11 20:51:35,83763.01,462.02999999999884,79086.09,83601.36,81343.725,1661263482337.0,33428572472.0,19849834.0,1.0,5.8,0.5,20,4,11,4
2025-04-11 21:27:30,83802.64,39.63000000000466,79086.09,83968.58,81527.33499999999,1662931792110.0,38359963083.0,19849850.0,1.1,5.3,0.8,21,4,11,4
2025-04-11 21:48:29,83840.72,38.080000000001746,79086.09,83968.58,81527.33499999999,1664432598172.0,38404801242.0,19849850.0,0.1,5.4,0.7,21,4,11,4
2025-04-11 22:16:31,83827.58,-13.139999999999418,79086.09,83968.58,81527.33499999999,1663341130495.0,36934553593.0,19849862.0,0.1,5.4,0.1,22,4,11,4
2025-04-11 22:37:54,83707.94,-119.63999999999942,79086.09,83968.58,81527.33499999999,1661797884910.0,39954865880.0,19849862.0,0.2,5.3,0.2,22,4,11,4
2025-04-11 22:51:19,83832.79,124.84999999999127,79086.09,83968.58,81527.33499999999,1663402796974.0,39764769964.0,19849862.0,0.0,5.5,0.1,22,4,11,4
2025-04-11 23:21:58,83769.05,-63.73999999999069,79086.09,83968.58,81527.33499999999,1662758319745.0,39509128130.0,19849878.0,0.1,5.1,0.3,23,4,11,4
2025-04-11 23:51:30,83915.43,146.3799999999901,79086.09,83968.58,81527.33499999999,1665685215931.0,39607788803.0,19849878.0,0.1,5.1,0.1,23,4,11,4
2025-04-12 00:18:04,83926.5,11.070000000006985,79086.09,83968.58,81527.33499999999,1666073171145.0,39693683754.0,19849896.0,0.2,5.2,0.1,0,5,12,4
2025-04-12 00:37:57,83760.18,-166.32000000000698,79086.09,84056.35,81571.22,1663769999793.0,39984913111.0,19849896.0,0.1,4.9,0.3,0,5,12,4
2025-04-12 00:51:04,83669.54,-90.63999999999942,79086.09,84056.35,81571.22,1660941089864.0,39939461130.0,19849896.0,0.3,5.0,0.4,0,5,12,4
2025-04-12 01:19:21,83530.14,-139.39999999999418,79086.09,84056.35,81571.22,1658393937799.0,40049115978.0,19849925.0,0.5,4.7,0.7,1,5,12,4
2025-04-12 01:42:45,83351.07,-179.06999999999243,79086.09,84056.35,81571.22,1654577569271.0,38095067754.0,19849925.0,0.5,4.4,1.0,1,5,12,4
2025-04-12 01:53:51,83453.15,102.0799999999872,79086.09,84056.35,81571.22,1656240115209.0,40035111609.0,19849925.0,0.3,4.6,0.8,1,5,12,4
2025-04-12 02:18:24,83279.72,-173.42999999999302,79086.09,84056.35,81571.22,1653173719005.0,38034303404.0,19849946.0,0.3,4.8,0.9,2,5,12,4
2025-04-12 02:38:40,83316.57,36.85000000000582,79086.09,84056.35,81571.22,1653647173571.0,39900853710.0,19849946.0,0.0,4.8,0.9,2,5,12,4
2025-04-12 02:51:08,83391.56,74.98999999999069,79086.09,84056.35,81571.22,1655775011569.0,36494991460.0,19849946.0,0.1,4.7,0.8,2,5,12,4
2025-04-12 04:27:22,83186.46,-205.09999999999127,79484.46,84056.35,81770.405,1651525418372.0,38505731164.0,19849981.0,0.1,4.7,0.7,4,5,12,4
2025-04-12 05:47:36,83202.54,16.079999999987194,80322.95,84056.35,82189.65,1651570472670.0,37033037689.0,19850000.0,0.0,3.5,0.9,5,5,12,4
2025-04-12 06:31:09,82983.67,-218.86999999999534,80551.6,84056.35,82303.975,1646549917004.0,36884506109.0,19850012.0,0.3,3.0,1.2,6,5,12,4
2025-04-12 06:53:30,83038.11,54.44000000000233,80578.08,84056.35,82317.215,1648581519688.0,36745835436.0,19850012.0,0.1,2.9,1.1,6,5,12,4
2025-04-12 07:22:52,82942.53,-95.58000000000175,80578.08,84056.35,82317.215,1646223661132.0,36310058244.0,19850056.0,0.0,2.6,0.8,7,5,12,4
2025-04-12 07:54:23,83156.24,213.7100000000064,80578.08,84056.35,82317.215,1649727118327.0,36665130086.0,19850056.0,0.2,3.0,0.6,7,5,12,4
2025-04-12 08:17:57,83297.25,141.00999999999476,80578.08,84056.35,82317.215,1652856027946.0,36546933382.0,19850065.0,0.5,3.4,0.4,8,5,12,4
2025-04-12 08:39:27,83398.75,101.5,80639.8,84056.35,82348.07500000001,1655258075720.0,34686865365.0,19850065.0,0.4,3.4,0.3,8,5,12,4
2025-04-12 08:51:11,83298.55,-100.19999999999709,80639.8,84056.35,82348.07500000001,1654050272210.0,36368566771.0,19850065.0,0.2,3.3,0.4,8,5,12,4
2025-04-12 09:25:42,83471.93,173.3799999999901,80878.54,84056.35,82467.445,1656277764813.0,35970843904.0,19850084.0,0.1,3.1,0.2,9,5,12,4
2025-04-12 09:46:04,83617.69,145.7600000000093,80878.54,84056.35,82467.445,1659158990567.0,35986765537.0,19850084.0,0.3,3.1,0.1,9,5,12,4
2025-04-12 10:17:10,83556.04,-61.65000000000873,80878.54,84056.35,82467.445,1657672811930.0,35877447717.0,19850084.0,0.1,3.1,0.1,10,5,12,4
2025-04-12 10:37:07,83590.68,34.63999999999942,80955.12,84056.35,82505.735,1659283238070.0,35758491315.0,19850084.0,0.0,3.3,0.2,10,5,12,4
2025-04-12 10:51:12,83731.57,140.89000000001397,81124.42,84056.35,82590.38500000001,1661118945869.0,35756880022.0,19850084.0,0.2,2.9,0.3,10,5,12,4
2025-04-12 11:23:01,83771.18,39.60999999998603,81268.15,84056.35,82662.25,1663260382592.0,33588778204.0,19850137.0,0.3,3.1,0.3,11,5,12,4
2025-04-12 11:53:39,83542.5,-228.67999999999302,81471.68,84056.35,82764.015,1658444323863.0,34127313721.0,19850156.0,0.2,2.5,0.1,11,5,12,4
2025-04-12 12:19:54,83503.45,-39.05000000000291,81595.18,84056.35,82825.765,1658277560712.0,33853744132.0,19850156.0,0.3,2.3,0.0,12,5,12,4
2025-04-12 12:51:02,83562.25,58.80000000000291,81675.28,84056.35,82865.815,1657902437857.0,33227664751.0,19850156.0,0.0,1.7,0.1,12,5,12,4
2025-04-12 13:18:14,83460.9,-101.35000000000582,81675.28,84056.35,82865.815,1656723319348.0,32411234940.0,19850168.0,0.1,1.2,0.5,13,5,12,4
2025-04-12 13:40:03,83385.17,-75.72999999999593,81675.28,84056.35,82865.815,1655644866910.0,31839488374.0,19850168.0,0.1,0.8,0.6,13,5,12,4
2025-04-12 14:14:27,83480.37,95.19999999999709,81675.28,84056.35,82865.815,1657191174643.0,31163318594.0,19850206.0,0.0,1.0,0.2,14,5,12,4
2025-04-12 14:26:11,83541.23,60.86000000000058,81675.28,84056.35,82865.815,1658053511350.0,30995759928.0,19850206.0,0.1,1.3,0.1,14,5,12,4
2025-04-12 14:38:04,83493.99,-47.23999999999069,81675.28,84056.35,82865.815,1657372770175.0,30630192939.0,19850206.0,0.1,1.6,0.2,14,5,12,4
2025-04-12 14:51:04,83477.81,-16.180000000007567,81675.28,84056.35,82865.815,1656721381120.0,30366711321.0,19850206.0,0.1,1.6,0.2,14,5,12,4
2025-04-12 15:35:04,83685.28,207.47000000000116,81675.28,84056.35,82865.815,1661108520346.0,26237203510.0,19850225.0,0.2,1.7,0.3,15,5,12,4
2025-04-12 16:03:48,83747.29,62.00999999999476,81675.28,84056.35,82865.815,1661423471024.0,29090692624.0,19850234.0,0.3,2.1,0.6,16,5,12,4
2025-04-12 16:51:02,84170.96,423.6700000000128,81675.28,84056.35,82865.815,1670851908068.0,28743393850.0,19850234.0,0.5,1.4,1.1,16,5,12,4
2025-04-12 17:16:10,84493.02,322.0599999999977,81675.28,84538.04,83106.66,1677660247164.0,26341873505.0,19850256.0,0.7,2.5,2.2,17,5,12,4
2025-04-12 17:39:32,84930.53,437.50999999999476,81901.05,84915.42,83408.235,1685973057446.0,27815965308.0,19850256.0,1.4,3.7,2.7,17,5,12,4
2025-04-12 17:51:18,84775.98,-154.5500000000029,81908.36,84944.81,83426.58499999999,1683022280880.0,26698449313.0,19850256.0,0.8,3.3,2.5,17,5,12,4
2025-04-12 18:18:00,84751.07,-24.90999999998894,81938.68,84944.81,83441.745,1681322801438.0,27336829681.0,19850275.0,0.4,3.4,2.2,18,5,12,4
2025-04-12 18:39:27,85135.03,383.95999999999185,82172.24,85105.11,83638.675,1689330205021.0,27513519258.0,19850275.0,0.2,3.3,2.7,18,5,12,4
2025-04-12 18:51:40,85130.47,-4.559999999997672,82172.24,85206.7,83689.47,1691477992758.0,27526944643.0,19850275.0,0.4,3.2,2.7,18,5,12,4
2025-04-12 19:22:12,84928.58,-201.88999999999942,82172.24,85206.7,83689.47,1684771724415.0,27300564430.0,19850287.0,0.1,3.4,2.8,19,5,12,4
2025-04-12 19:54:00,84655.65,-272.93000000000757,82782.3,85206.7,83994.5,1680903486121.0,27093569781.0,19850287.0,0.4,2.2,2.5,19,5,12,4
2025-04-12 20:16:32,84492.74,-162.90999999998894,82831.0,85206.7,84018.85,1678640842995.0,26774203004.0,19850287.0,0.5,2.0,2.1,20,5,12,4
2025-04-12 20:39:11,84673.75,181.00999999999476,82861.86,85206.7,84034.28,1680591451460.0,26322256563.0,19850287.0,0.2,1.6,2.3,20,5,12,4
2025-04-12 20:51:51,84724.98,51.229999999995925,82861.86,85206.7,84034.28,1682235948450.0,25531258598.0,19850287.0,0.0,1.1,2.4,20,5,12,4
2025-04-12 21:24:47,84859.57,134.59000000001106,82861.86,85206.7,84034.28,1684522414612.0,24106243409.0,19850321.0,0.4,1.3,2.5,21,5,12,4
2025-04-12 21:44:12,84946.98,87.40999999998894,82861.86,85206.7,84034.28,1686228787754.0,23490598990.0,19850321.0,0.2,1.3,2.6,21,5,12,4
2025-04-12 21:55:11,85098.41,151.43000000000757,82861.86,85206.7,84034.28,1688998505401.0,23515397028.0,19850321.0,0.4,1.7,2.8,21,5,12,4
2025-04-12 22:15:18,85071.47,-26.94000000000233,82861.86,85206.7,84034.28,1688726951481.0,23072278750.0,19850321.0,0.3,1.5,2.4,22,5,12,4
2025-04-12 22:38:26,85017.06,-54.41000000000349,82861.86,85206.7,84034.28,1687254382191.0,22802143207.0,19850321.0,0.1,1.5,2.3,22,5,12,4
2025-04-12 22:51:31,84911.43,-105.63000000000466,82861.86,85206.7,84034.28,1685587246216.0,22776776880.0,19850321.0,0.2,1.3,2.2,22,5,12,4
2025-04-12 23:19:36,85081.25,169.82000000000698,82861.86,85206.7,84034.28,1688627918430.0,22570242655.0,19850353.0,0.0,1.6,2.7,23,5,12,4
2025-04-12 23:38:20,85340.16,258.9100000000035,82861.86,85308.55,84085.205,1691781819816.0,22599756122.0,19850353.0,0.4,1.7,3.0,23,5,12,4
2025-04-12 23:51:33,85645.34,305.179999999993,82861.86,85595.84,84228.85,1700299793640.0,21155835250.0,19850353.0,0.9,2.1,3.4,23,5,12,4
2025-04-13 00:16:40,85335.36,-309.9799999999959,82861.86,85629.77,84245.815,1694472050093.0,22939796204.0,19850365.0,0.3,1.7,2.8,0,6,13,4
2025-04-13 00:37:59,85344.15,8.789999999993597,82861.86,85629.77,84245.815,1694437490848.0,22636457558.0,19850365.0,0.1,1.9,2.8,0,6,13,4
2025-04-13 00:51:22,85405.54,61.38999999999942,82861.86,85629.77,84245.815,1695159819076.0,22548980059.0,19850365.0,0.3,2.1,2.8,0,6,13,4
2025-04-13 01:17:41,85493.71,88.1700000000128,82861.86,85629.77,84245.815,1695422623873.0,22579183362.0,19850381.0,0.1,2.4,3.1,1,6,13,4
2025-04-13 01:40:12,85499.23,5.519999999989523,82861.86,85629.77,84245.815,1697164500211.0,22706619276.0,19850381.0,0.1,2.6,3.1,1,6,13,4
2025-04-13 01:51:15,85428.85,-70.3799999999901,82861.86,85629.77,84245.815,1696424628757.0,22463686540.0,19850381.0,0.0,2.4,3.1,1,6,13,4
2025-04-13 02:18:38,85294.24,-134.61000000000058,82861.86,85629.77,84245.815,1693830472445.0,22444211147.0,19850393.0,0.2,2.4,2.6,2,6,13,4
2025-04-13 04:58:47,85334.01,39.76999999998952,82861.86,85731.68,84296.76999999999,1695091917004.0,23288622980.0,19850443.0,0.2,2.6,2.2,4,6,13,4
2025-04-13 07:09:39,85249.39,-84.61999999999534,82879.08,85731.68,84305.38,1693573502416.0,25333315634.0,19850443.0,0.1,2.8,2.3,7,6,13,4
2025-04-13 07:58:01,84613.72,-635.6699999999983,83199.97,85731.68,84465.825,1680895353730.0,24789257772.0,19850443.0,0.9,1.7,1.6,7,6,13,4
2025-04-13 08:28:44,84573.58,-40.13999999999942,83284.14,85731.68,84507.91,1678249218782.0,25249037043.0,19850443.0,0.6,1.5,1.3,8,6,13,4
2025-04-13 08:45:14,84667.06,93.47999999999593,83284.14,85731.68,84507.91,1680068671925.0,25752336462.0,19850443.0,0.1,1.6,1.4,8,6,13,4
2025-04-13 08:56:18,84463.36,-203.6999999999971,83284.14,85731.68,84507.91,1676616297202.0,26216343547.0,19850443.0,0.2,1.4,1.2,8,6,13,4
2025-04-13 09:28:28,84605.27,141.9100000000035,83355.12,85731.68,84543.4,1678530803094.0,26425801207.0,19850443.0,0.0,1.2,1.4,9,6,13,4
2025-04-13 09:47:29,84732.04,126.76999999998952,83355.12,85731.68,84543.4,1681965688068.0,26377903124.0,19850443.0,0.2,1.4,1.6,9,6,13,4
2025-04-13 10:17:49,84718.19,-13.849999999991269,83355.12,85731.68,84543.4,1681666935992.0,26333173292.0,19850443.0,0.2,1.3,2.0,10,6,13,4
2025-04-13 10:37:02,84617.59,-100.60000000000582,83355.12,85731.68,84543.4,1680895841326.0,26088110001.0,19850443.0,0.1,1.2,1.9,10,6,13,4
2025-04-13 10:51:27,84514.01,-103.58000000000175,83355.12,85731.68,84543.4,1677483239656.0,26108681985.0,19850443.0,0.3,0.9,1.7,10,6,13,4
2025-04-13 11:23:06,84427.52,-86.48999999999069,83355.12,85731.68,84543.4,1675823442297.0,26214627821.0,19850443.0,0.3,0.9,1.7,11,6,13,4
2025-04-13 11:53:58,84565.75,138.22999999999593,83355.12,85731.68,84543.4,1678576012243.0,25841492404.0,19850443.0,0.1,1.2,1.9,11,6,13,4
2025-04-13 12:20:40,84556.06,-9.690000000002328,83355.12,85731.68,84543.4,1678901518243.0,25886052432.0,19850443.0,0.2,1.2,1.9,12,6,13,4
2025-04-13 12:39:44,84704.14,148.08000000000175,83355.12,85731.68,84543.4,1681125516451.0,26068452037.0,19850443.0,0.2,1.5,2.0,12,6,13,4
2025-04-13 12:51:22,84859.4,155.25999999999476,83355.12,85731.68,84543.4,1683564120709.0,25735606164.0,19850443.0,0.3,1.5,2.2,12,6,13,4
2025-04-13 13:20:22,84728.95,-130.4499999999971,83355.12,85731.68,84543.4,1682707062431.0,26101171354.0,19850625.0,0.2,1.6,2.0,13,6,13,4
2025-04-13 13:53:02,84667.4,-61.55000000000291,83360.88,85731.68,84546.28,1680669988832.0,26224799335.0,19850625.0,0.2,1.6,2.0,13,6,13,4
2025-04-13 14:15:15,84698.29,30.889999999999418,83472.07,85731.68,84601.875,1681139189236.0,26201451007.0,19850625.0,0.1,1.5,2.3,14,6,13,4
2025-04-13 14:26:53,84453.99,-244.29999999998836,83472.07,85731.68,84601.875,1676377163326.0,26260588077.0,19850625.0,0.1,1.1,2.0,14,6,13,4
2025-04-13 14:38:55,84414.22,-39.770000000004075,83472.07,85731.68,84601.875,1675625365056.0,26294335204.0,19850625.0,0.3,1.1,1.9,14,6,13,4
2025-04-13 14:51:22,84384.73,-29.49000000000524,83478.86,85731.68,84605.26999999999,1675760803108.0,26279436375.0,19850625.0,0.3,1.1,1.9,14,6,13,4
2025-04-13 15:36:00,84313.16,-71.56999999999243,83692.38,85731.68,84712.03,1673792443969.0,27933667385.0,19850625.0,0.1,0.7,1.8,15,6,13,4
2025-04-13 16:35:34,84197.48,-115.68000000000757,83745.09,85731.68,84738.385,1671410325254.0,27767737555.0,19850700.0,0.1,0.5,1.9,16,6,13,4
2025-04-13 16:51:34,83876.52,-320.95999999999185,83877.14,85731.68,84804.41,1665944579272.0,27717857280.0,19850700.0,0.6,0.4,1.5,16,6,13,4
2025-04-13 17:16:22,83771.14,-105.38000000000466,83648.99,85731.68,84690.33499999999,1663142324247.0,27276368360.0,19850718.0,0.8,0.7,1.8,17,6,13,4
2025-04-13 17:39:30,83906.02,134.88000000000466,83648.99,85731.68,84690.33499999999,1665594689318.0,26672219026.0,19850718.0,0.2,1.2,2.0,17,6,13,4
2025-04-13 17:51:37,83946.25,40.229999999995925,83648.99,85731.68,84690.33499999999,1666944114094.0,26333341114.0,19850718.0,0.1,0.9,2.1,17,6,13,4
2025-04-13 18:19:29,83809.75,-136.5,83648.99,85731.68,84690.33499999999,1663749055015.0,25876324989.0,19850756.0,0.1,1.2,1.5,18,6,13,4
2025-04-13 18:51:19,83705.31,-104.44000000000233,83648.99,85731.68,84690.33499999999,1661756781529.0,25284460954.0,19850756.0,0.3,1.6,1.4,18,6,13,4
2025-04-13 19:24:00,84131.89,426.58000000000175,83648.99,85731.68,84690.33499999999,1668174250471.0,23579261487.0,19850771.0,0.4,1.0,2.1,19,6,13,4
2025-04-13 19:55:36,84156.43,24.539999999993597,83648.99,85731.68,84690.33499999999,1670557153135.0,24905453988.0,19850793.0,0.5,0.6,2.1,19,6,13,4
2025-04-13 20:16:28,84447.95,291.5200000000041,83648.99,85731.68,84690.33499999999,1675754140561.0,24692714325.0,19850793.0,0.5,0.1,3.1,20,6,13,4
2025-04-13 20:38:58,84626.07,178.1200000000099,83648.99,85731.68,84690.33499999999,1680586854508.0,25362959152.0,19850793.0,0.4,0.1,3.3,20,6,13,4
2025-04-13 20:51:29,84765.61,139.5399999999936,83648.99,85731.68,84690.33499999999,1682445178524.0,25692066844.0,19850793.0,0.7,0.1,3.5,20,6,13,4
2025-04-13 21:25:26,84563.43,-202.18000000000757,83648.99,85731.68,84690.33499999999,1678658284653.0,25782094588.0,19850812.0,0.1,0.4,5.3,21,6,13,4
2025-04-13 21:44:12,84764.68,201.25,83648.99,85731.68,84690.33499999999,1681795256629.0,25981406946.0,19850812.0,0.0,0.2,5.5,21,6,13,4
2025-04-13 21:55:08,84758.85,-5.829999999987194,83648.99,85731.68,84690.33499999999,1682983254418.0,25934452437.0,19850812.0,0.1,0.4,5.5,21,6,13,4
2025-04-13 22:14:33,84469.32,-289.52999999999884,83648.99,85731.68,84690.33499999999,1677627612320.0,25963258815.0,19850834.0,0.4,0.7,7.0,22,6,13,4
2025-04-13 22:25:23,84439.3,-30.020000000004075,83648.99,85731.68,84690.33499999999,1676132511835.0,25962789931.0,19850834.0,0.1,0.8,6.9,22,6,13,4
2025-04-13 22:37:33,84431.87,-7.430000000007567,83648.99,85731.68,84690.33499999999,1676400533326.0,25873416811.0,19850834.0,0.4,0.7,6.9,22,6,13,4
2025-04-13 22:51:35,83715.55,-716.3199999999924,83600.68,85731.68,84666.18,1660371001029.0,25684534463.0,19850834.0,1.3,1.4,6.0,22,6,13,4
2025-04-13 23:20:18,84222.33,506.77999999999884,83600.68,85731.68,84666.18,1670316157272.0,26563489143.0,19850859.0,0.3,1.1,5.6,23,6,13,4
2025-04-14 00:17:48,83270.77,-951.5599999999977,83197.27,85731.68,84464.475,1652998954100.0,25893925506.0,19850890.0,1.1,2.5,5.6,0,0,14,4
2025-04-14 00:37:21,83560.66,289.8899999999994,83197.27,85731.68,84464.475,1659873795296.0,25624702189.0,19850890.0,0.5,2.1,6.1,0,0,14,4
2025-04-14 00:51:12,83306.74,-253.91999999999825,83197.27,85731.68,84464.475,1654470833400.0,26249268509.0,19850890.0,0.2,2.4,5.7,0,0,14,4
2025-04-14 01:17:50,83404.96,98.22000000000116,83197.27,85731.68,84464.475,1655944879503.0,27790587932.0,19850903.0,0.0,2.5,5.7,1,0,14,4
2025-04-14 01:39:57,83247.16,-157.8000000000029,83197.27,85731.68,84464.475,1652676349189.0,28225264439.0,19850903.0,0.1,2.6,5.5,1,0,14,4
2025-04-14 01:51:19,83293.35,46.19000000000233,83197.27,85731.68,84464.475,1653259645273.0,28232796478.0,19850903.0,0.0,2.5,5.6,1,0,14,4
2025-04-14 02:19:10,83516.76,223.40999999998894,83197.27,85731.68,84464.475,1657836849304.0,28493429180.0,19850903.0,0.1,2.1,7.2,2,0,14,4
2025-04-14 02:40:00,83509.2,-7.559999999997672,83197.27,85731.68,84464.475,1657837337747.0,28496734191.0,19850903.0,0.4,2.0,7.2,2,0,14,4
2025-04-14 02:51:10,83497.8,-11.39999999999418,83197.27,85731.68,84464.475,1656823100515.0,28516043806.0,19850903.0,0.2,2.1,7.1,2,0,14,4
2025-04-14 04:40:41,84465.97,968.1699999999983,83197.27,85627.24,84412.255,1677617115250.0,30000251253.0,19850968.0,0.4,1.4,7.8,4,0,14,4
2025-04-14 05:59:57,85155.31,689.3399999999965,83197.27,85510.33,84353.8,1692508639934.0,29074857921.0,19851012.0,1.1,0.1,8.6,5,0,14,4
2025-04-14 06:40:42,84614.69,-540.6199999999953,83197.27,85510.33,84353.8,1681360713386.0,30840762864.0,19851012.0,0.4,1.0,8.4,6,0,14,4
2025-04-14 07:29:01,84629.2,14.509999999994761,83197.27,85315.17,84256.22,1679185837400.0,31567128685.0,19851028.0,0.1,0.5,9.1,7,0,14,4
2025-04-14 07:46:30,84899.51,270.3099999999977,83197.27,85315.17,84256.22,1685222594739.0,29771021691.0,19851028.0,0.3,0.1,9.4,7,0,14,4
2025-04-14 08:20:25,84686.16,-213.34999999999127,83197.27,85315.17,84256.22,1681602943765.0,30592029641.0,19851028.0,0.2,0.2,10.4,8,0,14,4
2025-04-14 08:52:37,84439.8,-246.36000000000058,83197.27,85315.17,84256.22,1675245929908.0,30077970035.0,19851028.0,0.6,0.0,10.1,8,0,14,4
2025-04-14 09:30:18,84361.54,-78.26000000000931,83197.27,85315.17,84256.22,1674700426252.0,29720066359.0,19851043.0,0.4,0.3,9.7,9,0,14,4
2025-04-14 09:52:22,84543.94,182.40000000000873,83197.27,85315.17,84256.22,1677896806720.0,29775789583.0,19851043.0,0.1,0.2,10.0,9,0,14,4
2025-04-14 10:20:34,84441.26,-102.68000000000757,83197.27,85315.17,84256.22,1676217738432.0,30018052137.0,19851062.0,0.0,0.3,12.9,10,0,14,4
2025-04-14 10:39:13,84438.32,-2.9399999999877764,83197.27,85315.17,84256.22,1676190285161.0,30058396213.0,19851062.0,0.0,0.1,12.9,10,0,14,4
2025-04-14 10:51:37,84469.7,31.379999999990105,83197.27,85315.17,84256.22,1676461645427.0,30004447956.0,19851062.0,0.1,0.1,13.0,10,0,14,4
2025-04-14 11:27:30,84506.78,37.080000000001746,83197.27,85315.17,84256.22,1677680385689.0,28855895983.0,19851087.0,0.1,0.1,12.4,11,0,14,4
2025-04-14 11:48:51,84754.37,247.5899999999965,83197.27,85315.17,84256.22,1682240472546.0,30316423044.0,19851087.0,0.3,0.2,12.8,11,0,14,4
2025-04-14 12:22:49,84775.0,20.630000000004657,83197.27,85315.17,84256.22,1683255012865.0,30364930869.0,19851087.0,0.3,0.2,11.3,12,0,14,4
2025-04-14 12:53:13,84341.37,-433.63000000000466,83197.27,85315.17,84256.22,1674227172139.0,28926041127.0,19851087.0,0.4,0.6,10.7,12,0,14,4
2025-04-14 13:22:51,84458.86,117.49000000000524,83197.27,85315.17,84256.22,1676151769812.0,30420868699.0,19851106.0,0.3,0.2,10.8,13,0,14,4
2025-04-14 14:16:53,84745.29,286.429999999993,83197.27,85315.17,84256.22,1681792111863.0,30940976822.0,19851131.0,0.3,0.3,10.2,14,0,14,4
2025-04-14 14:37:45,84887.6,142.31000000001222,83197.27,85315.17,84256.22,1684445288320.0,29600744559.0,19851131.0,0.3,0.6,10.3,14,0,14,4
2025-04-14 14:51:37,84849.53,-38.070000000006985,83197.27,85315.17,84256.22,1684108739847.0,30712531096.0,19851131.0,0.1,0.5,10.3,14,0,14,4
2025-04-14 15:40:09,85011.1,161.57000000000698,83197.27,85315.17,84256.22,1687292664631.0,30869839678.0,19851156.0,0.2,0.8,10.7,15,0,14,4
2025-04-14 17:20:08,84470.69,-540.4100000000035,83197.27,85315.17,84256.22,1676703915547.0,31242746065.0,19851200.0,0.8,0.9,7.7,17,0,14,4
2025-04-14 17:44:31,85429.48,958.7899999999936,83197.27,85315.17,84256.22,1692514969261.0,29993528933.0,19851200.0,0.9,1.7,8.8,17,0,14,4
2025-04-14 17:55:15,85661.52,232.04000000000815,83197.27,85620.14,84408.705,1700484916398.0,32362444410.0,19851212.0,1.4,2.0,9.2,17,0,14,4
2025-04-14 18:21:34,84663.79,-997.7300000000105,83197.27,85667.65,84432.45999999999,1679759314962.0,29534611516.0,19851212.0,0.2,1.1,6.8,18,0,14,4
2025-04-14 18:52:11,84044.16,-619.6299999999901,83197.27,85667.65,84432.45999999999,1669156765098.0,34122092052.0,19851212.0,1.9,0.4,6.0,18,0,14,4
2025-04-14 19:25:25,84304.33,260.16999999999825,83197.27,85667.65,84432.45999999999,1674106078392.0,34950460053.0,19851212.0,0.5,0.1,7.5,19,0,14,4
2025-04-14 20:17:36,84407.77,103.44000000000233,83197.27,85667.65,84432.45999999999,1675757460702.0,35470008303.0,19851253.0,0.2,0.1,9.0,20,0,14,4
2025-04-14 20:41:06,84533.49,125.72000000000116,83197.27,85667.65,84432.45999999999,1677925326773.0,33972681806.0,19851253.0,0.0,0.2,9.2,20,0,14,4
2025-04-14 20:51:40,84578.8,45.30999999999767,83197.27,85667.65,84432.45999999999,1678860384334.0,35082389629.0,19851253.0,0.1,0.2,9.2,20,0,14,4
2025-04-14 21:28:01,84932.28,353.4799999999959,83197.27,85667.65,84432.45999999999,1685301920381.0,35370868679.0,19851275.0,0.5,0.4,7.4,21,0,14,4
2025-04-14 21:49:20,84869.69,-62.58999999999651,83197.27,85667.65,84432.45999999999,1684773110630.0,35425968579.0,19851275.0,0.4,0.1,7.4,21,0,14,4
2025-04-14 22:16:36,85100.6,230.9100000000035,83197.27,85667.65,84432.45999999999,1689608320385.0,35691684033.0,19851296.0,0.3,0.7,8.5,22,0,14,4
2025-04-14 22:37:58,84978.45,-122.15000000000873,83197.27,85667.65,84432.45999999999,1686944181461.0,35914656550.0,19851296.0,0.1,1.0,8.3,22,0,14,4
2025-04-14 22:51:25,84966.68,-11.770000000004075,83197.27,85667.65,84432.45999999999,1687751927822.0,35467726725.0,19851296.0,0.1,1.3,8.3,22,0,14,4
2025-04-14 23:22:17,84826.6,-140.0799999999872,83197.27,85667.65,84432.45999999999,1684146418380.0,35269136204.0,19851296.0,0.2,0.7,8.7,23,0,14,4
2025-04-14 23:52:50,84770.21,-56.38999999999942,83197.27,85667.65,84432.45999999999,1682202292572.0,35136011783.0,19851296.0,0.1,1.6,8.6,23,0,14,4
2025-04-15 00:18:29,84881.42,111.20999999999185,83252.72,85667.65,84460.185,1684048665366.0,34809756292.0,19851346.0,0.1,1.7,7.7,0,1,15,4
2025-04-15 00:51:18,84614.56,-266.8600000000006,83252.72,85667.65,84460.185,1679561870058.0,34162754627.0,19851346.0,0.1,1.5,7.3,0,1,15,4
2025-04-15 01:18:51,84586.21,-28.34999999999127,83252.72,85667.65,84460.185,1679786440096.0,33813990461.0,19851375.0,0.3,1.5,6.8,1,1,15,4
2025-04-15 01:41:25,84624.95,38.73999999999069,83252.72,85667.65,84460.185,1679557131135.0,33704058519.0,19851375.0,0.0,1.6,6.9,1,1,15,4
2025-04-15 01:52:27,84563.03,-61.919999999998254,83280.38,85667.65,84474.015,1678709335086.0,33623348055.0,19851375.0,0.1,1.4,6.8,1,1,15,4
2025-04-15 02:18:19,84599.47,36.44000000000233,83430.91,85667.65,84549.28,1679291017638.0,32129394379.0,19851409.0,0.0,1.3,5.9,2,1,15,4
2025-04-15 02:38:55,84671.64,72.16999999999825,83430.91,85667.65,84549.28,1680647057989.0,32066527994.0,19851409.0,0.0,1.4,6.0,2,1,15,4
2025-04-15 02:51:24,84522.3,-149.3399999999965,83600.82,85667.65,84634.235,1677778425566.0,33317259123.0,19851409.0,0.1,1.1,5.8,2,1,15,4
2025-04-15 04:39:57,84891.23,368.929999999993,84050.56,85667.65,84859.105,1685199744486.0,31845798919.0,19851434.0,0.2,0.5,7.6,4,1,15,4
2025-04-15 05:58:48,84905.07,13.84000000001106,84050.56,85667.65,84859.105,1685053615867.0,28733755430.0,19851446.0,0.1,0.2,5.2,5,1,15,4
2025-04-15 06:39:50,85309.4,404.3299999999872,84050.56,85667.65,84859.105,1693450044475.0,27487472740.0,19851446.0,0.6,0.9,6.8,6,1,15,4
